"DESCRIPTION","DURATION IN MS","NAME","PARENT SUITE","START TIME","STATUS","STOP TIME","SUB SUITE","SUITE","TEST CLASS","TEST METHOD"
"","20682","testBuildResume()","","2026-07-31","passed","2026-07-31","","api.buildRun.RegularBuildRunTest","api.buildRun.RegularBuildRunTest","testBuildResume"
"","16893","buildRunCanBeResumedAfterPauseTest()","","2026-07-31","passed","2026-07-31","","ui.buildRun.RegularBuildRunTest","ui.buildRun.RegularBuildRunTest","buildRunCanBeResumedAfterPauseTest"
"","7121","configStepWithoutTypeCannotBeCreatedTest()","","2026-07-31","passed","2026-07-31","","api.ConfigStepsTest","api.ConfigStepsTest","configStepWithoutTypeCannotBeCreatedTest"
"","1567","adminCannotDeleteNotExistingProjectByIdTest()","","2026-07-31","passed","2026-07-31","","api.project.DeleteProjectTest","api.project.DeleteProjectTest","adminCannotDeleteNotExistingProjectByIdTest"
"","5009","configStepSuccessfullyUpdateNameTest()","","2026-07-31","passed","2026-07-31","","api.ConfigStepsTest","api.ConfigStepsTest","configStepSuccessfullyUpdateNameTest"
"","189","basicAuthInvalidDataTest(String, String, String) Negative tests: wrong username","","2026-07-31","passed","2026-07-31","","api.authorization.AuthorizationUserTest","api.authorization.AuthorizationUserTest","basicAuthInvalidDataTest"
"","0","cannotDeleteConfigStepWithoutAuthTest()","","2026-07-31","skipped","2026-07-31","","api.ConfigStepsTest","api.ConfigStepsTest","cannotDeleteConfigStepWithoutAuthTest"
"","217","adminCannotCreateProjectWithoutAuthTest()","","2026-07-31","passed","2026-07-31","","api.project.PostProjectTest","api.project.PostProjectTest","adminCannotCreateProjectWithoutAuthTest"
"","2132","adminCannotCreateProjectWithTheSameNameTest()","","2026-07-31","passed","2026-07-31","","api.project.PostProjectTest","api.project.PostProjectTest","adminCannotCreateProjectWithTheSameNameTest"
"","0","agentCanBeConnectedToTheServerTest()","","2026-07-31","skipped","2026-07-31","","api.agent.AgentTest","api.agent.AgentTest","agentCanBeConnectedToTheServerTest"
"","106","adminCannotDeleteWithoutAuthTest()","","2026-07-31","passed","2026-07-31","","api.project.DeleteProjectTest","api.project.DeleteProjectTest","adminCannotDeleteWithoutAuthTest"
"","0","project admin enters the app without login","","2026-07-31","skipped","2026-07-31","","ui.UsersEnterWithoutLoginTest","ui.UsersEnterWithoutLoginTest","projectAdminEntersAppWithoutLogin"
"","0","cannotGetNonExistingStepTest()","","2026-07-31","skipped","2026-07-31","","api.ConfigStepsTest","api.ConfigStepsTest","cannotGetNonExistingStepTest"
"","330","basicAuthInvalidDataTest(String, String, String) Negative tests: all wrong","","2026-07-31","passed","2026-07-31","","api.authorization.AuthorizationUserTest","api.authorization.AuthorizationUserTest","basicAuthInvalidDataTest"
"","67394","buildConfigurationCanBeCreatedFromProjectPageTest()","","2026-07-31","passed","2026-07-31","","ui.buildconfiguration.BuildConfigurationTest","ui.buildconfiguration.BuildConfigurationTest","buildConfigurationCanBeCreatedFromProjectPageTest"
"","3116","adminCanDeleteProjectTest()","","2026-07-31","passed","2026-07-31","","api.project.DeleteProjectTest","api.project.DeleteProjectTest","adminCanDeleteProjectTest"
"","0","developerCannotDeleteStepTest()","","2026-07-31","skipped","2026-07-31","","api.ConfigStepsTest","api.ConfigStepsTest","developerCannotDeleteStepTest"
"","5163","userCanCopyBuildConfiguration()","","2026-07-31","passed","2026-07-31","","api.build.BuildConfigurationTest","api.build.BuildConfigurationTest","userCanCopyBuildConfiguration"
"","2751","adminCanCreateProjectOnlyWithMandatoryParamsTest()","","2026-07-31","passed","2026-07-31","","api.project.PostProjectTest","api.project.PostProjectTest","adminCanCreateProjectOnlyWithMandatoryParamsTest"
"","5652","configStepSuccessfullyCreatedTest()","","2026-07-31","passed","2026-07-31","","api.ConfigStepsTest","api.ConfigStepsTest","configStepSuccessfullyCreatedTest"
"","372","basicAuthTest()","","2026-07-31","passed","2026-07-31","","api.authorization.AuthorizationUserTest","api.authorization.AuthorizationUserTest","basicAuthTest"
"","2973","adminCanCreateProjectWithAllParamsTest()","","2026-07-31","passed","2026-07-31","","api.project.PostProjectTest","api.project.PostProjectTest","adminCanCreateProjectWithAllParamsTest"
"","23338","checkPausedBuildStatusIsDisplayedTest()","","2026-07-31","passed","2026-07-31","","ui.buildRun.RegularBuildRunTest","ui.buildRun.RegularBuildRunTest","checkPausedBuildStatusIsDisplayedTest"
"","16519","checkFailedBuildStatusIsDisplayedTest()","","2026-07-31","passed","2026-07-31","","ui.buildRun.RegularBuildRunTest","ui.buildRun.RegularBuildRunTest","checkFailedBuildStatusIsDisplayedTest"
"","20773","testBuildStop()","","2026-07-31","passed","2026-07-31","","api.buildRun.RegularBuildRunTest","api.buildRun.RegularBuildRunTest","testBuildStop"
"","43849","userCannotCreateProjectWithEmptyNameTest()","","2026-07-31","passed","2026-07-31","","ui.project.CreateProjectTest","ui.project.CreateProjectTest","userCannotCreateProjectWithEmptyNameTest"
"","0","viewerCannotCreateStepTest()","","2026-07-31","skipped","2026-07-31","","api.ConfigStepsTest","api.ConfigStepsTest","viewerCannotCreateStepTest"
"","0","cannotCreateConfigStepWithoutAuthTest()","","2026-07-31","skipped","2026-07-31","","api.ConfigStepsTest","api.ConfigStepsTest","cannotCreateConfigStepWithoutAuthTest"
"","1719","adminCannotGetProjectWithWrongLocator()","","2026-07-31","passed","2026-07-31","","api.project.GetProjectTest","api.project.GetProjectTest","adminCannotGetProjectWithWrongLocator"
"","9440","superUserCanLoginWithoutUsernamePopulatedTest()","","2026-07-31","passed","2026-07-31","","ui.LoginTest","ui.LoginTest","superUserCanLoginWithoutUsernamePopulatedTest"
"","21918","buildConfigurationCanBeDeletedTest()","","2026-07-31","passed","2026-07-31","","ui.buildconfiguration.BuildConfigurationTest","ui.buildconfiguration.BuildConfigurationTest","buildConfigurationCanBeDeletedTest"
"","1847","adminCanGetProjectByNameTest()","","2026-07-31","passed","2026-07-31","","api.project.GetProjectTest","api.project.GetProjectTest","adminCanGetProjectByNameTest"
"","12906","userCannotCreateProjectWithAlreadyExistingNameTest()","","2026-07-31","passed","2026-07-31","","ui.project.CreateProjectTest","ui.project.CreateProjectTest","userCannotCreateProjectWithAlreadyExistingNameTest"
"","0","cannotCreateStepWithInvalidBasicCredentialsTest()","","2026-07-31","skipped","2026-07-31","","api.ConfigStepsTest","api.ConfigStepsTest","cannotCreateStepWithInvalidBasicCredentialsTest"
"","11537","userCannotCreateProjectWithInvalidIdTest()","","2026-07-31","passed","2026-07-31","","ui.project.CreateProjectTest","ui.project.CreateProjectTest","userCannotCreateProjectWithInvalidIdTest"
"","14114","buildConfigurationCanNotBeCreatedWithAlreadyExistingNameTest()","","2026-07-31","passed","2026-07-31","","ui.buildconfiguration.BuildConfigurationTest","ui.buildconfiguration.BuildConfigurationTest","buildConfigurationCanNotBeCreatedWithAlreadyExistingNameTest"
"","3492","userCannotCreateBuildConfigurationWithInvalidId()","","2026-07-31","passed","2026-07-31","","api.build.BuildConfigurationTest","api.build.BuildConfigurationTest","userCannotCreateBuildConfigurationWithInvalidId"
"","15853","buildConfigurationCanBeCreatedTest()","","2026-07-31","passed","2026-07-31","","ui.buildconfiguration.BuildConfigurationTest","ui.buildconfiguration.BuildConfigurationTest","buildConfigurationCanBeCreatedTest"
"","5473","configStepWithoutNameSuccessfullyCreatedTest()","","2026-07-31","passed","2026-07-31","","api.ConfigStepsTest","api.ConfigStepsTest","configStepWithoutNameSuccessfullyCreatedTest"
"","0","cannotUpdateConfigStepWithoutAuthTest()","","2026-07-31","skipped","2026-07-31","","api.ConfigStepsTest","api.ConfigStepsTest","cannotUpdateConfigStepWithoutAuthTest"
"","90","adminCannotDoCRUDOperationsWithoutAuthTest()","","2026-07-31","passed","2026-07-31","","api.project.GetProjectTest","api.project.GetProjectTest","adminCannotDoCRUDOperationsWithoutAuthTest"
"","4053","userCanDeleteBuildConfiguration()","","2026-07-31","passed","2026-07-31","","api.build.BuildConfigurationTest","api.build.BuildConfigurationTest","userCanDeleteBuildConfiguration"
"","0","system admin enters the app without login","","2026-07-31","skipped","2026-07-31","","ui.UsersEnterWithoutLoginTest","ui.UsersEnterWithoutLoginTest","systemAdminEntersAppWithoutLogin"
"","47136","adminSessionSeedsAuthenticatedBrowserTest()","","2026-07-31","passed","2026-07-31","","ui.AuthenticationTest","ui.AuthenticationTest","adminSessionSeedsAuthenticatedBrowserTest"
"","0","cannotGetConfigStepWithoutAuthTest()","","2026-07-31","skipped","2026-07-31","","api.ConfigStepsTest","api.ConfigStepsTest","cannotGetConfigStepWithoutAuthTest"
"","0","cannotCreateStepWithInvalidBearerTokenTest()","","2026-07-31","skipped","2026-07-31","","api.ConfigStepsTest","api.ConfigStepsTest","cannotCreateStepWithInvalidBearerTokenTest"
"","4236","userCannotCreateBuildConfigurationWithDuplicateId()","","2026-07-31","passed","2026-07-31","","api.build.BuildConfigurationTest","api.build.BuildConfigurationTest","userCannotCreateBuildConfigurationWithDuplicateId"
"","4474","userCanCreateBuildConfiguration()","","2026-07-31","passed","2026-07-31","","api.build.BuildConfigurationTest","api.build.BuildConfigurationTest","userCanCreateBuildConfiguration"
"","0","cannotUpdateNonExistingStepTest()","","2026-07-31","skipped","2026-07-31","","api.ConfigStepsTest","api.ConfigStepsTest","cannotUpdateNonExistingStepTest"
"","1307","adminCannotDeleteProjectWithBothIdAndLocatorNullTest()","","2026-07-31","passed","2026-07-31","","api.project.DeleteProjectTest","api.project.DeleteProjectTest","adminCannotDeleteProjectWithBothIdAndLocatorNullTest"
"","5560","checkRunningBuildStatusIsDisplayedTest()","","2026-07-31","passed","2026-07-31","","ui.buildRun.RegularBuildRunTest","ui.buildRun.RegularBuildRunTest","checkRunningBuildStatusIsDisplayedTest"
"","13442","userCannotCreateProjectWithAlreadyExistingIDTest()","","2026-07-31","passed","2026-07-31","","ui.project.CreateProjectTest","ui.project.CreateProjectTest","userCannotCreateProjectWithAlreadyExistingIDTest"
"","19457","buildConfigurationCanBeUpdatedTest()","","2026-07-31","passed","2026-07-31","","ui.buildconfiguration.BuildConfigurationTest","ui.buildconfiguration.BuildConfigurationTest","buildConfigurationCanBeUpdatedTest"
"","48339","adminUserCanLoginTest()","","2026-07-31","passed","2026-07-31","","ui.LoginTest","ui.LoginTest","adminUserCanLoginTest"
"","1756","adminCanCreateProjectAndGetItByIdTest()","","2026-07-31","passed","2026-07-31","","api.project.GetProjectTest","api.project.GetProjectTest","adminCanCreateProjectAndGetItByIdTest"
"","162","basicAuthInvalidDataTest(String, String, String) Negative tests: wrong password","","2026-07-31","passed","2026-07-31","","api.authorization.AuthorizationUserTest","api.authorization.AuthorizationUserTest","basicAuthInvalidDataTest"
"","0","viewerCannotUpdateStepTest()","","2026-07-31","skipped","2026-07-31","","api.ConfigStepsTest","api.ConfigStepsTest","viewerCannotUpdateStepTest"
"","143","bearerTokenAuthTest()","","2026-07-31","passed","2026-07-31","","api.authorization.AuthorizationUserTest","api.authorization.AuthorizationUserTest","bearerTokenAuthTest"
"","0","cannotDeleteNonExistingStepTest()","","2026-07-31","skipped","2026-07-31","","api.ConfigStepsTest","api.ConfigStepsTest","cannotDeleteNonExistingStepTest"
"","1687","adminCannotGetNotExistingProjectByIdTest()","","2026-07-31","passed","2026-07-31","","api.project.GetProjectTest","api.project.GetProjectTest","adminCannotGetNotExistingProjectByIdTest"
"","0","viewerCannotDeleteStepTest()","","2026-07-31","skipped","2026-07-31","","api.ConfigStepsTest","api.ConfigStepsTest","viewerCannotDeleteStepTest"
"","4","project developer enters the app without login","","2026-07-31","skipped","2026-07-31","","ui.UsersEnterWithoutLoginTest","ui.UsersEnterWithoutLoginTest","projectDeveloperEntersAppWithoutLogin"
"","140","invalidBearerTokenAuthTest()","","2026-07-31","passed","2026-07-31","","api.authorization.AuthorizationUserTest","api.authorization.AuthorizationUserTest","invalidBearerTokenAuthTest"
"","390","agentCanBeUnauthorized()","","2026-07-31","passed","2026-07-31","","api.agent.AgentTest","api.agent.AgentTest","agentCanBeUnauthorized"
"","15513","testBuildRun()","","2026-07-31","passed","2026-07-31","","api.buildRun.RegularBuildRunTest","api.buildRun.RegularBuildRunTest","testBuildRun"
"","0","cannotCreateStepForNonExistingConfigTest()","","2026-07-31","skipped","2026-07-31","","api.ConfigStepsTest","api.ConfigStepsTest","cannotCreateStepForNonExistingConfigTest"
"","4612","configStepSuccessfulDeleteTest()","","2026-07-31","passed","2026-07-31","","api.ConfigStepsTest","api.ConfigStepsTest","configStepSuccessfulDeleteTest"
"","270","agentCanBeAuthorizedTest()","","2026-07-31","passed","2026-07-31","","api.agent.AgentTest","api.agent.AgentTest","agentCanBeAuthorizedTest"
"","4828","configStepSuccessfullyUpdateTypeTest()","","2026-07-31","passed","2026-07-31","","api.ConfigStepsTest","api.ConfigStepsTest","configStepSuccessfullyUpdateTypeTest"
"","81675","checkCanceledBuildStatusIsDisplayedTest()","","2026-07-31","failed","2026-07-31","","ui.buildRun.RegularBuildRunTest","ui.buildRun.RegularBuildRunTest","checkCanceledBuildStatusIsDisplayedTest"
"","29592","userCanCreateProjectTest()","","2026-07-31","passed","2026-07-31","","ui.project.CreateProjectTest","ui.project.CreateProjectTest","userCanCreateProjectTest"
"","15607","testBuildFailed()","","2026-07-31","passed","2026-07-31","","api.buildRun.RegularBuildRunTest","api.buildRun.RegularBuildRunTest","testBuildFailed"
"","0","project viewer enters the app without login","","2026-07-31","skipped","2026-07-31","","ui.UsersEnterWithoutLoginTest","ui.UsersEnterWithoutLoginTest","projectViewerEntersAppWithoutLogin"
"","23428","checkSuccessBuildStatusIsDisplayedTest()","","2026-07-31","passed","2026-07-31","","ui.buildRun.RegularBuildRunTest","ui.buildRun.RegularBuildRunTest","checkSuccessBuildStatusIsDisplayedTest"
